id,content,type
1,"Dil Se Jo Baat Nikalti Hai, Asar Rakhti Hai / Par Nahin, Taaqat-e-Parwaaz Magar Rakhti Hai",allama
2,"Qudsi-Ul-Asal Hai, Riffat Pe Nazar Rakhti Hai / Khaak Se Uthti Hai, Gardoon Pe Guzar Rakhti Hai",allama
3,Ishq Tha Fitna Gar-o-Sarkash-o-Chalaak Mera / Aasman Cheer Gaya Nala-e-Bebaak Mera,allama
4,"Peer-e-Gardoon Ne Kaha Sun Ke, Kahin Hai Koi! / Bole Sayyaare, Sar-e-Arsh-e-Bareen Hai Koi!",allama
5,"Chaand Kahta Tha, Nahin, Ahl-e-Zameen Hai Koi! / Kehkashaan Kehti Thi, Poshida Yahin Hai Koi!",allama
6,Kuch Jo Samjha Tau Mere Shikwe Ko Rizwan Samjha / Mujhe Jannat Se Nikala Huwa Insan Samjha,allama
7,"Thi Farishton Ko Bhi Hairat, Ke Yeh Awaz Hai Kya! / Arsh Walon Pe Bhi Khulta Nahin Yeh Raaz Hai Kya!",allama
8,Taa Sar-e-Arsh Bhi Insan Ki Tag-o-Taaz Hai Kya? / Aa Gyi Khak Ki Chutki Ko Bhi Parwaaz Hai Kya?,allama
9,Ghafil Aadaab Se Yeh Sukkaan-e-Zameen Kaise Hain / Shokh-o-Gustakh Yeh Pasti Ke Makeen Kaise Hain!,allama
10,Iss Qadar Shokh Ke Allah Se Bhi Barham Hai / Tha Jo Masjood-e-Malaeek Yeh Wohi Aadam Hai?,allama
11,"Alam-e-Kaif Hai, Dana-e-Ramooz-e-Kam Hai / Haan, Magar Ijz Ke Asrar Se Namehram Hai",allama
12,Naaz Hai Taaqat-e-Guftaar Pe Insanon Ko / Baat Karne Ka Saliqa Nahin Nadanon Ko!,allama
13,Ayi Aawaz Ghum-Angaiz Hai Afsana Tera / Ashk-e-Betaab Se Labraiz Hai Paimana Tera,allama
14,Asmangeer Huwa Naara-e-Mastana Tera / Kis Qadar Shokh Zuban Hai Dil-e-Diwana Tera,allama
15,Shukr Shikwe Ko Kiya Husn-e-Ada Se Tu Ne / Hum Sukhan Kar Diya Bandon Ko Khuda Se Tu Ne,allama
16,"Hum Tau Mayal Ba-Karam Hain, Koi Sayal Hi Nahin / Rah Dikhlaen Kise Rahraw-e-Manzil Hi Nahin",allama
17,"Tarbiat Aam Tau Hai, Jauhar-e-Qabil Hi Nahin / Jis Se Taamir Ho Aadam Ki Yeh Woh Gil Hi Nahin",allama
18,Koi Qabil Ho Tau Hum Shan-e-Kai Dete Hain / Dhoondne Walon Ko Dunya Bhi Nai Dete Hain!,allama
19,"Hath Be-Zor Hain, Ilhaad Se Dil Khoo-Gar Hain / Ummati Baais-e-Ruswai-e-Paighamber (S.A.W) Hain",allama
20,"But-Shikan Uth Gaye, Baqi Jo Rahe But-Gar Hain / Tha Braheem Pidar, Aur Pisar Aazar Hain",allama
21,"Badah Aasham Naye, Bada Naya, Khum Bhi Naye / Harm-e-Kaaba Naya, But Bhi Naye, Tum Bhi Naye",allama
22,Woh Bhi Din The Ke Yehi Maya-e-Raanai Tha / Nazish-e-Mousam-e-Gul Lala-e-Sahrai Tha!,allama
23,Jo Musalmaan Tha Allah Ka Saudai Tha / Kabhi Mehboob Tumhara Yehi Harjai Tha,allama
24,Kisi Yakjai Se Ab Ehd-e-Ghulami Kar Lo / Millat-e-Ahmad (S.A.W.) Ko Maqami Kar Lo!,allama
25,Kis Qadar Tum Pe Garan Subah Ki Baidari Hai / Hum Se Kab Pyar Hai! Haan Neend Tumhain Pyari Hai,allama
26,"Tabaa-e-Azad Pe Qaid-e-Ramazan Bhari Hai / Tumhi Keh Do, Yehi Aaeen-e-Wafadari Hai?",allama
27,"Qoum Mazhab Se Hai, Mazhab Jo Nahin, Tum Bhi Nahin / Jazb-e-Baham Jo Nahin, Mehfil-e-Anjum Bhi Nahin",allama
28,"Jin Ko Ata Nahin Dunya Mein Koi Fann, Tum Ho / Nahin Jis Qoum Ko Parwaye Nasheman, Tum Ho",allama
29,"Bijliyan Jis Mein Hon Aasudah, Woh Khirman Tum Ho / Baich Khate Hain Jo Aslaaf Ke Madfan, Tum Ho",allama
30,Ho Niko Naam Jo Qabaron Ki Tajarat Kar Ke / Kya Na Baicho Ge Jo Mil Jaen Sanam Pathar Ke,allama
31,"Kyun Ziyaan Kaar Banun, Sood Framosh Rahun / Fikr-e-Farda Na Karum, Mahw-e-Ghum-e-Dosh Rahun",allama
32,"Naale Bulbul Ke Sunoon, Aur Hama Tan Gosh Rahun / Humnawa Main Bhi Koi Gul Hun Ke Khamosh Rahun",allama
33,Jurrat Aamoz Miri Taab-e-Sakhun Hai Mujh Ko / Shikwa Allah Se Khakam Badahan Hai Mujh Ko,allama
34,Hai Baja Shewa-e-Tasleem Mein Mashoor Hain Hum / Qissa-e-Dard Sunate Hain Ke Majboor Hain Hum,allama
35,"Saaz-e-Khamosh Hain, Faryad Se Maamoor Hain Hum / Nala Ata Hai Agar Lab Pe To Maazoor Hain Hum",allama
36,Ae Khuda Shikwa-e-Arbab-e-Wafa Bhi Sun Le / Khugar-e-Hamd Se Thora Sa Gila Bhi Sun Le,allama
37,"Thi To Maujood Azal Se Hi Teri Zaat-e-Qadim / Phool Tha Zaib-e-Chaman, Par Na Preshan Thi Shamim",allama
38,"Shart Insaaf Hai, Ae Sahib-e-Altaf-e-Amim / Boo-e-Gul Phailti Kis Tarah Jo Hoti Na Nasim",allama
39,Hum Ko Jamiat-e-Khatir Ye Preshani Thi / Warna Ummat Tere Mehboob (S.A.W.) Ki Diwani Thi,allama
40,"Hum Se Pehle Tha Ajab Tere Jahan Ka Manzar / Kahin Masjood The Pathar, Kahin Maabood Shajar",allama
41,Khugar-e-Paikar-e-Mahsoos Thi Insaan Ki Nazar / Manta Phir Koi Un-Dekhe Khuda Ko Kyunkar,allama
42,Tujh Ko Maalum Hai Leta Tha Koi Naam Tera? / Quwwat-e-Baazoo-e-Muslim Ne Kiya Kaam Tera,allama
43,"Bas Rahe The Yahin Saljuq Bhi, Toorani Bhi / Ahl-e-Chin Cheen Mein, Iran Mein Sasaani Bhi",allama
44,"Issi Maamoore Mein Aabad The Yoonani Bhi / Issi Dunya Mein Yahudi Bhi The, Nusraani Bhi",allama
45,"Par Tere Naam Pe Talwar Uthai Kis Ne / Baat Jo Bigri Huwi Thi, Woh Banaai Kis Ne",allama
46,Kis Ne Thanda Kiya Atishkuda-e-Iran Ko? / Kis Ne Phir Zinda Kiya Tazkara-e-Yazdaan Ko?,allama
47,Kon Si Qoum Faqat Teri Talabgar Huwi / Aur Tere Liye Zehmat Kash-e-Paikaar Huwi,allama
48,"Kis Ki Shamsheer Jahangeer, Jahandar Huwi / Kis Ki Takbeer Se Dunya Teri Baidar Huwi",allama
49,Kis Ki Haibat Se Sanam Sehme Huwe Rehte The / Munh Ke Bal Gir Ke 'HU WA-ALLAH HU AHAD' Kehte The,allama
50,Aa Gaya Ain Laraai Mein Agar Waqt-e-Namaz / Qibla Ru Ho Ke Zameen Bos Huwi Qoum-e-Hijaz,allama
51,Ek Hi Saf Mein Khare Ho Gaye Mahmood-o-Ayaz / Na Koi Banda Raha Aur Na Koi Banda Nawaz,allama
52,Banda-o-Sahib-o-Mauhtaaj-o-Ghani Aik Huwe / Teri Sarkar Mein Pohanche To Sabhi Aik Huwe,allama
53,"The Hameen Ek Tire Maarka Aaraaon Mein! / Khushkion Mein Kabhi Larte, Kabhi Dariyaon Mein,",allama
54,Deen Azaanen Kabhi Europe Ke Kaleesaaon Mein / Kabhi Africa Ke Tapte Huwe Sehraaon Mein.,allama
55,Shan Ankhon Mein Na Jachti Thi Jahan Daron Ki / Kalima Parhte The Hum Chaon Mein Talwaron Ki,allama
56,Hum Jo Jeete The To Jnagon Ki Musibat Ke Liye / Aur Merte The Tere Naam Ki Azmat Ke Liye,allama
57,Thi Na Kuch Taeg-Zani Apni Hukumat Ke Liye / Sar-Bakaf Phirte The Kya Dehar Mein Doulat Ke Liye,allama
58,Qaum Apni Jo Zar-o-Maal-e-Jahan Par Marti / But Faroshi Ke Iwaz But Shikni Kyon Karti?,allama
59,Tal Na Sakte The Agar Jang Mein Arh Jate The / Paon Sheron Ke Bhi Maidan Se Ukhar Jate The,allama
60,"Tujh Se Sarkash Huwa Koi To Bighar Jate The / Taeg Kya Cheez Hai, Hum Toup Se Larh Jate The",allama
61,"Ab Woh Altaf Nahin, Hum Pe Anayat Nahin / Baat Ye Kya Hai Ke Pehli Si Madarat Nahin",allama
62,Kyun Musalmanon Mein Hai Doulat-e-Dunya Nayaab / Teri Qudrat To Hai Woh Jis Ki Na Had Hai Na Hisab,allama
63,Tu Jo Chahe To Uthe Seena-e-Sehra Se Habab / Rahroo-e-Dasht Ho Seeli Zada Mouj-e-Saraab,allama
64,"Taan-e-Aghiyaar Hai, Ruswai Hai, Nadaari Hai, / Kya Tere Nam Pe Marne Ka Iwaz Khwari Hai?",allama
65,Bani Aghyar Ki Ab Chahne Wali Dunya / Reh Gyi Apne Liye Aik Khiyali Dunya,allama
66,"Hum To Rukhsat Huwe, Auron Ne Sanbhali Dunya / Phir Na Kehna Huwi Touheed Se Khali Dunya",allama
67,"Ishq Ki Khair, Who Pehli Si Ada Bhi Na Sahi / Jaada Paimaai Taslim-o-Raza Bhi Na Sahi,",allama
68,"Kabhi Hum Se, Kabhi Ghairon Se Shanasaai Hai / Baat Kehne Ki Nahin, Tu Bhi To Harjaai Hai",allama
69,Sar-e-Faran Pe Kiya Deen Ko Kamil Tu Ne / Ek Ishare Mein Hazaron Ke Liye Dil Tu Ne,allama
70,Atish Andoz Kiya Ishq Ka Hasil Tu Ne / Phoonk Di Garmi-e-Rukhsar Se Mehfil Tu Ne,allama
71,"Aaj Kyun Seene Humare Sharar Abad Nahin / Hum Wohi Sokhta Saman Hain, Tuhe Yaad Nahin?",allama
72,Wadi-e-Najd Mein Woh Shor-e-Silasil Na Raha / Qais Diwana-e-Nazara Mehmil Na Raha,allama
73,"Hosle Woh Na Rahe, Hum Na Rahe, Dil Na Raha / Ghar Ye Ujhra Hai Ke Tu Ronaq-e-Mehfil Na Raha",allama
74,Ae Khush Aan Roz Ke Ayi-o-Bsad Naz Ayi / Be-Hijabana Soo'ay Mehfil-e-Ma Baaz Ayi,allama
75,Chaak Iss Bulbul-e-Tanha Ki Nawa Se Dil Hon / Jaagne Wale Issi Bang-e-Dara Se Dil Hon,allama
76,Yani Phir Zinda Naye Ehd-e-Wafa Se Dil Hon / Phir Issi Bada-e-Deerina Ke Pyaase Dil Hon,allama
77,"Daleel-E-Subah-E-Roshan Hai Sitaron Ki Tunak Tabi / Ufaq Se Aftab Ubhra, Gya Dour-E-Garan Khawabi",allama
78,Urooq-E-Murda’ay Mashriq Mein Khoon-E-Zindagi Dora / Samajh Sakte Nahin Iss Raaz Ko Seena-O-Farabi,allama
79,Musalman Ko Musalman Kar Diya Toofan-E-Maghrib Ne / Talatum Haye Darya Hi Se Hai Gohar Ki Seerabi,allama
80,"Atta Momin Ko Phir Dargah-E-Haq Se Hone Wala Hai / Shikoh-E-Turkamani, Zehan-E-Hindi, Nutq-E-Arabi",allama
81,"Asar Kuch Khawab Ka Ghunchon Mein Baqi Hai To Ae Bulbul ! / ""Nawa Ra Talakh Tar Mee Zan Choo Zauq-E-Nagma Kmyabi""",allama
82,"Tarap Sehan-E-Chaman Mein, Ashiyan Mein, Shakhsaron Mein / Juda Pare Se Ho Sakti Nahin Taqdeer-E-Seemabi",allama
83,Woh Chashm-E-Paak Been Kyun Zeenat-E-Bargistawan Dekhe / Nazar Ati Hai Jis Ko Mard-E-Ghazi Ki Jigar Tabi,allama
84,Zameer-E-Lala Mein Roshan Charagh-E-Arzoo Kar De / Chaman Ke Zarre Zarre Ko Shaheed-E-Justujoo Kar De,allama
85,Sar Shak-E-Chashm-E-Muslim Mein Hai Neesan Ka Asar Paida / Khalil-Allah (A.S.) Ke Darya Mein Hon Ge Phir Guhar Paida,allama
86,Kitab-E-Millat-E-Baiza Ki Phir Sheeraza Bandi Hai / Ye Shakh-E-Hashmi Karne Ko Hai Phir Barg-E-Bar Paida,allama
87,Rubood Aan Turk Sheerazi Dil-E-Tabraiz-O-Kabil Ra / Saba Karti Hai Buay Gul Se Apna Hamsafar Paida,allama
88,Agar Usmaniyon Par Koh-E-Gham Toota To Kya Gham Hai / Ke Khoon-E-Sad Hazar Anjum Se Hoti Hai Sahar Paida,allama
89,Jahan Baani Se Hai Dushwar Tar Kar-E-Jahan Beeni / Jigar Khoon Ho To Chashm-E-Dil Mein Hoti Hai Nazar Paida,allama
90,Hazaron Saal Nargis Apni Benoori Pe Roti Hai / Bari Mushkil Se Hota Hai Chaman Mein Didahwar Paida,allama
91,Nawa Pera Ho Ae Bulbul Ke Ho Tere Taranum Se / Kabootar Ke Tan-E-Nazuk Mein Shaheen Ka Jigar Paida,allama
92,Tere Seene Mein Hai Poshida Raaz-E-Zindagi Keh De / Musalman Se Hadees-E-Soz-O-Saaz-E-Zindagi Keh De,allama
93,"Khuda’ay Lam Yazil Ka Dast-E-Qudrat Tu, Zuban Tu Hai / Yaqeen Paida Kar Ae Ghafil Ke Maghloob-E-Guman Tu Hai",allama
94,"Pare Hai Charakh-E-Neeli Faam Se Manzil Musalman Ki / Sitare Jis Ki Gard-E-Rah Hon, Woh Karwan Tu Hai",allama
95,"Makan Fani, Makeen Ani, Azal, Tera, Abad Tera / Khuda Ka Akhiri Pegham Hai Tu, Javidan Tu Hai",allama
96,"Hina Band-E-Uroos-E-Lala Hai Khoon-E-Jigar Tera / Teri Nisbat Baraheemi Hai, Mamaar-E-Jahan Tu Hai",allama
97,Teri Fitrat Ameen Hai Mumkanat-E-Zindagani Ki / Jahan Ke Johar-E-Muzmar Ka Goya Imtihan Tu Hai,allama
98,Miyan-E-Shakhsaran Sohbat-E-Murgh-E-Chaman Kab Talak! / Tere Bazu Mein Hai Parwaz-E-Shaheen-E-Kehsatani,allama
99,Guman Abad-E-Hasti Mein Yaqeen Mard-E-Musalman Ka / Byaban Ki Shab-E-Tareek Mein Qindeel-E-Rahbani,allama
100,"Mitaya Qaisar-E-Kasra Ke Istabdad Ko Jis Ne / Woh Kya Tha, Zor-E-Haider (R.A.), Faqr-E-Bu Zar (R.A.), Sidq-E-Salmani (R.A.)",allama
101,Huway Ahrar-E-Millat Jadah Pema Kis Tajamul Se / Tamashayi Shagaaf-E-Dar Se Hain Sadiyon Ke Zindani,allama
102,Sabat-E-Zindagi Aeeman-E-Muhkam Se Hai Dunya Mein / Kah Almani Se Bhi Paenda Tar Nikla Hai Toorani,allama
103,Jab Iss Angara’ay Khaki Mein Hota Hai Yaqeen Paida / To Kar Leta Hai Ye Bal-O-Par-E-Rooh-ul-Ameen Paida,allama
104,Ghulami Mein Na Kaam Ati Hain Shamsheerain Na Tadbeerain / Jo Ho Zauq-E-Yaqeen Paida To Kat Jati Hain Zanjeerain,allama
105,Koi Andaza Kar Sakta Hai Uss Ke Zor-E-Bazu Ka ! / Nigah-E-Mard-E-Momin Se Badal Jati Hain Taqdeerain,allama
106,"Tu Raaz-E-Kun Fakan Hai, Apni Ankhon Par Ayan Ho Ja / Khudi Ka Raazdan Ho Ja, Khuda Ka Tarjuman Ho Ja",allama
107,"Hawas Ne Kar Diya Tukre Tukre Nu-E-Insan Ko / Akhuwat Ka Byan Ho Ja, Mohabbat Ki Zuban Ho Ja",allama
108,"Ye Hindi, Who Khurasani, Ye Afghani, Who Toorani / Tu Ae Sharminda-E-Sahil ! Uchal Kar Be-Karan Ho Ja",allama
109,Ghubar Aludah’ay Rang-O-Nasb Hain Baal-O-Par Tere / Tu Ae Murgh-E-Hara ! Urne Se Pehle Par-Fishan Ho Ja,allama
110,Khudi Mein Doob Ja Ghafil ! Ye Sir-E-Zindagani Hai / Nikl Kar Halqa-E-Shaam-O-Sahar Se Javidan Ho Ja,allama
111,"Amal Se Zindagi Banti Hai Jannat Bhi, Jahanum Bhi / Ye Khaki Apni Fitrat Mein Na Noori Hai Na Naari Hai",allama
112,"Kharosh Amoz-E-Bulbul Ho, Girah Ghunche Ki Wa Kar De / Ke Tu Iss Gulistan Ke Waste Baad-E-Bahari Hai",allama
113,Phir Uthi Asia Ke Dil Se Chankari Mohabbat Ki / Zameen Joulan Geh-E-Atlas Qabayan-E-Tatari Hai,allama
114,"Baya Paida Khareedarst Jaan-E-Natoowane Ra / ""Pas Az Muddat Gudaz Aftaad Barma Karwame Ra""",allama
115,"Baya Saqi Nawaye Murgh-E-Zaar Az Shakhsar Amad / Bahar Amad Nigar Amad, Nigar Amad Qirar Amad",allama
116,Kasheed Abar-E-Bahari Khemah Andar Wai-O-Sehra / Sada’ay Absharan Az Faraz-E-Kohsar Amad,allama
117,Sarat Gardam To Ham Qanoon-E-Paisheen Saazdah Saqi / Ke Kheel-E-Naghma Pardazan Qitar Andar Qitar Amad,allama
118,Kanar Az Zahadan Bargeer-O-Bebakana Saghar Kash / Pas Az Muddar Azeen Shakh-E-Kuhan Bang-E-Hazar Amad,allama
119,Ba Mushtaqan Hadees-E-Khawajah (S.A.W.)-E-Badar-O-Hunain Awar / Tasarraf Haye Pinhanash Ba-Chashm Ashkar Amad,allama
120,Dgar Shakh-E-Khalil (A.S.) Az Khoon-E-Ma Namnaak Mee Gardad / Babazaar-E-Mohabbat Naqad-E-Maa Kamil Ayar Amad,allama
121,"Khudi Ka Zikr Bahut Hua, Hum Ne Dil Ki Baat Bhi Sun Li / Bulandi Theek, Magar Thoda Sa Saya Bhi Zaroori Tha",llama
122,"Amal Ka Dars To Yaad Raha, Magar Yeh Baat Bhi Dil Mein Thi / Har Ek Safar Mein Thak Kar Baithna Bhi Koi Haar Nahin",llama
123,"Nigah Ko Door Talak Le Ja, Yeh Baat Hamein Bhi Achhi Lagi / Magar Jo Ghaas Hansi Rah Mein, To Dil Wahan Bhi Thehar Gaya",llama
124,"Sitaron Tak Bhi Soch Chali, Yeh Josh Bura To Tha Hi Nahin / Magar Zameen Ki Narm Hawa Ne Aaj Hamein Rok Liya",llama
125,"Khudi Ko Hum Ne Pukara Tha, Jawab Aaya Bade Pyar Se / Buland Ho, Magar Itna Nahin Ke Saya Nazar Na Aaye",llama
126,"Safar Ka Shauq Bhi Dil Mein Tha, Sukoon Ka Rang Bhi Dil Mein Tha / Pahaar Door Se Achhe The, Qareeb Aaya To Maidan Bhaya",llama
127,"Jahan Ne Kaha Ke Chal Uth Kar, Hum Ne Bhi Sar Utha Kar Kaha / Chalein Ge, Lekin Rah Mein Jo Ped Mile To Baithenge",llama
128,"Faqr Ka Naam Bada Pyara, Jalal Ki Baat Bhi Khoob Sahi / Magar Jo Chadar-e-Saya Mili, To Dil Ne Shukr Ada Kar Diya",llama
129,"Parwaz Ka Zikr Aaya To Hum Ne Khamoshi Se Muskura Kar / Kaha Ke Urna Theek, Magar Kabhi Dasht Bhi Dekh Liya Kar",llama
130,"Khudi Agar Hai To Us Mein Bhi Zara Narm Sa Pehlu Ho / Jo Apne Dil Ko Halka Rakhe, Wohi Safar Ko Aasan Kare",llama
131,"Amal Se Roshni Hoti Hai, Is Qaul Se Inkar Nahin / Magar Kabhi Sukoot Ki Lau Bhi Andar Andar Jalti Hai",llama
132,"Nigah Buland Ho Achhi Baat, Magar Dil Itna Sakht Na Ho / Ke Ghaas Ki Halki Khushbu Bhi Tujh Se Baat Na Kar Sake",llama
133,"Safar Mein Josh Bahut Dekha, Magar Yeh Baat Samajh Mein Aayi / Jo Narm Qadam Se Chalta Hai, Woh Door Talak Bhi Jata Hai",llama
134,"Sitaron Se Bhi Aage Ja, Yeh Khwab Hamein Bhi Pyara Tha / Magar Jo Raat Ko Saya Mila, To Khwab Wahin Meetha Ho Gaya",llama
135,"Khudi Ka Rang Ujala Tha, Magar Us Mein Thodi Chhaon Bhi Thi / Wohi Hamein Sab Se Achha Laga, Wohi Dil Ko Aasan Laga",llama
136,"Jigar Mein Aag Bhi Kam Na Thi, Magar Mizaj Narm Raha / Hum Ne To Dasht Mein Chal Kar Bhi Ghaas Ko Yaad Rakha",llama
137,"Jahan Ki Jeet Ka Zikr Hua, To Dil Ne Aahista Yeh Kaha / Pehle Apne Hisse Ka Pur-Sukoon Kona Dhoond To Le",llama
138,"Amal Ki Raah Mein Nikle To Rah Ne Kitni Baaten Ki / Har Mor Pe Ek Saya Tha, Har Saya Jaise Dost Koi",llama
139,"Nigah Mein Khwab Bade The, Magar Dil Mein Ek Narmi Thi / Hum Aasman Ko Dekhte The, Par Pair Zameen Par Rakhte The",llama
140,"Khudi Se Kehna Aahista, Woh Jaldi Jaldi Thak Jati Hai / Use Bhi Kabhi Hari Ghaas Par Chup Chaap Baithne Do",llama
141,"Sukoot Ko Kam Na Samjho Tum, Is Mein Bhi Ek Aahang Hai / Kabhi Jo Dil Thoda Ruk Jaye, To Rah Bhi Saaf Nazar Aaye",llama
142,"Parwaz Ki Baaten Theek, Magar Yeh Raaz Bhi Samjho Dost / Har Par Ka Apna Aaram Hai, Har Aasman Ka Apna Bojh",llama
143,"Faqr Mein Hum Ne Yeh Dekha Hai, Jeb Khali Ho To Kya Gham / Agar Kisi Ped Tale Do Pal Ka Sukoon Naseeb Aa Jaye",llama
144,"Nigah Ka Kaam Hai Door Dekhna, Dil Ka Kaam Hai Rah Chunana / Kabhi Sitara Bulata Hai, Kabhi Sabza Rok Leta Hai",llama
145,"Khudi Ko Kar To Buland Sahi, Magar Zyada Shor Kaisa / Jo Phool Khamosh Khile, Un Mein Bhi To Rang Bahut Hota Hai",llama
146,"Safar Mein Rahat Kam Sahi, Magar Bilkul Na Ho Yeh Kyon / Musafir Hi To Thoda Sa Apna Bistar Saath Liye Chalta Hai",llama
147,Jahan Ki Bheed Se Guzre To Dil Ne Bas Itna Keh Dala / Har Jeet Se Pehle Aadmi Ko Apna Saaya Chahiye,llama
148,"Amal Ki Dhun Mein Jo Nikle The, Woh Baat Hamein Bhi Yaad Rahi / Magar Jo Dhoop Zyada Hui, To Hum Ne Saya Chun Liya",llama
149,"Sitaron Wali Baaten Bhi Hain, Maidan Ki Khushbu Bhi Apni / Dil Dono Se Banta Hai, Sirf Aag Se Kam Chalti Hai",llama
150,Nigah Agar Upar Uthi Hai To Dil Ko Neeche Rehne Do / Kayi Dafa Hari Zameen Hi Insan Ko Bachati Hai,llama
151,"Khudi Ka Raz Yeh Nikla, Har Waqt Garajna Lazim Nahin / Kabhi Halki Si Muskahat Se Bhi Rah Ban Jati Hai",llama
152,Safar Ka Shor Bahut Kam Ho To Dil Ki Chal Sunai De / Wohi Qadam Bada Sacha Hai Jo Dheere Dheere Padta Hai,llama
153,"Parwaz Ka Khwab Apni Jagah, Magar Yeh Baat Bhi Suniye / Jo Pair Thak Gaye Hon Un Ko Ghaas Ki Narmi Yaad Rahe",llama
154,"Jigar Ki Aag Ko Rakho, Magar Use Khaak Mat Kar Do / Thoda Sa Noor Tab Banta Hai Jab Saath Thandi Hawa Ho",llama
155,"Khudi Bhi Ek Narm Si Cheez, Amal Bhi Ek Meethi Zid / Jo Baat Pyar Se Samjhe, Wahi Dil Par Asar Karti Hai",llama
156,"Nigah Mein Dasht Ho Ya Koh, Dil Apna Rah Nikal Leta / Kahin Sitara Hansa Thoda, Kahin Saya Bula Leta",llama
157,"Faqr Ne Hum Ko Yeh Sikhaya, Kam Mein Bhi Kafi Cheezen Hain / Ek Chadar, Thodi Dhoop, Thoda Sabza, Aur Dil Ka Chain",llama
158,"Jahan Ko Jeetna Door Raha, Hum Ne To Itna Kaam Kiya / Jo Dil Udas Tha Shaam Talak, Us Ko Zara Behlaya Hai",llama
159,"Amal Ka Zor Zaroori Hai, Magar Har Waqt Nahin Hota / Kabhi Jo Rah Thakaye Bahut, To Theharna Bhi Hunar Hai",llama
160,"Khudi Se Hum Ne Kaha Uth, Woh Boli Thoda Sabr Bhi Kar / Jo Kaam Sukoon Se Hota Hai, Woh Daud Se Kab Hota Hai",llama
161,"Nigah-e-Shauq Ko Hum Ne Bhi Kai Bar Aazmaya Hai / Magar Jo Ped Ke Neeche Hawa Chali, To Dil Maan Gaya",llama
162,"Sitaron Ka Safar Achha, Magar Raat Lambi Hoti Hai / Kisi Qareeb Ki Halki Si Baat Zyada Garam Rakhti Hai",llama
163,"Safar Mein Jo Bhi Mila Hum Ko, Us Mein Thoda Ghar Bhi Tha / Koi Rah, Koi Ped, Koi Ghaas, Koi Chup Si Muskurahat",llama
164,"Khudi Ka Naam Sunte Hi Agar Dil Aur Sakht Ho Jaye / To Phir Wahan Se Mod Le Rah, Wahan Narmi Nahin Hogi",llama
165,"Amal Agar Hai To Achha Hai, Magar Dil Behalna Bhi To Ho / Har Kaam Ke Darmiyan Thoda Sa Aasman Dekh Liya Kar",llama
166,"Nigah Ne Koh Ko Dekha Tha, Dil Ko Chaman Pasand Aaya / Hum Is Mein Kya Gunah Karen, Mizaj Apna Zameeni Tha",llama
167,"Faqr Ka Zauq Bhi Hum Mein Tha, Magar Aisi Faqr Se Kya / Jo Aadmi Se Hansi Cheen Le, Ya Saya Bhi Door Kare",llama
168,"Khudi Ki Baat Karne Walon, Thoda Dil Ka Haal Bhi Poochho / Kabhi Bulandi Bojh Banti Hai, Kabhi Aaram Dua Lagta Hai",llama
169,Parwaz Ka Dars Sun Kar Bhi Hum Ne Pair Samhale Rakhe / Kya Khabar Rah Mein Narm Zameen Ka Dil Par Kya Asar Ho,llama
170,"Jahan Mein Rehne Ka Fan Shayad Itna Sa Hi Hai Aakhir / Na Har Dam Jeet Ka Nasha, Na Har Lamha Haar Ka Gham",llama
171,Amal Ke Sath Agar Thoda Sukoon Bhi Ghar Kar Jaye / To Aadmi Ki Baat Mein Kuchh Aur Mithas Aati Hai,llama
172,"Khudi Ko Hum Ne Samjha Hai Koi Naazuk Si Mehman / Use Dhoop Mein Mat Rakho, Zara Saya Bhi Milne Do",llama
173,"Nigah Buland Thi Achhi, Magar Jab Dil Udas Nikla / To Hum Ne Door Sitare Chhor Kar Paas Ka Ped Dekha",llama
174,Safar Ki Rah Mein Hum Ne Bahut Aawazen Suni Hongi / Sab Se Meethi Wohi Nikli Jo Chup Se Dil Ko Samjhaye,llama
175,Sitaron Wali Rahon Mein Badi Thand Si Rehti Hai / Koi Maidan Agar Garam Ho To Dil Udhar Bhi Jata Hai,llama
176,"Khudi Ka Faisla Mushkil, Amal Ka Rasta Bhi Sakht / Magar Hari Si Ghaas Pe Baith Kar Kayi Guthi Sulajhti Hai",llama
177,"Jigar Mein Josh Rehne Do, Magar Itna Bhi Kyon Yaro / Ke Ek Patte Ki Halki Si Hansi Sunai Hi Na De",llama
178,"Faqr Ka Husn Tab Aaya Jab Bojh Thoda Kam Nikla / Do Roti, Ek Khuli Rah, Aur Sham Ka Aram Kafi Tha",llama
179,"Nigah Ko Door Le Ja Kar Bhi Dil Ko Paas Rakha Hum Ne / Wahi Ada Hamare Kaam Aayi, Wahi Rah Aasan Thi",llama
180,Khudi Ka Dars Woh Kya De Jo Muskurana Bhool Gaya / Hamein To Woh Ustad Bhaya Jo Rah Mein Thehar Bhi Jaye,llama
181,Amal Ki Baat Sahi Lekin Hawa Se Dosti Bhi Ho / Wagarna Aadmi Chalta Rahe Aur Dil Dhool Ban Jaye,llama
182,"Parwaz Se Inkar Nahin, Bas Itna Kehna Hai Dil Ka / Har Unchi Baat Ke Neeche Ek Narm Jagah Bhi Rehne Do",llama
183,"Safar Agar Hai To Is Mein Thoda Khwab Bhi Bachne Do / Jo Sirf Manzil Sochta Hai, Rah Ka Husn Kho Deta Hai",llama
184,Khudi Ka Rang Tab Nikla Jab Shor Zara Sa Kam Nikla / Chup Reh Kar Apne Aap Se Milna Bhi Badi Baat Hoti Hai,llama
185,Nigah Ko Door Tak Bhej Kar Hum Dil Ke Pas Laut Aaye / Wahan Sitare Kam The Lekin Chain Bahut Zyada Tha,llama
186,Jahan Ki Daud Dekh Kar Dil Ne Aahista Se Bas Kaha / Thoda Kam Jeetna Bhi Shayed Zyada Jeene Jaisa Hai,llama
187,"Faqr Mein Bhi Ek Narmi Ho To Baat Kahan Se Kahan Jaye / Sakhti Se Sirf Dhoop Mile, Chhaon Se Dil Khilta Hai",llama
188,Amal Ki Rah Mein Hum Ko Kai Bar Mod Aisa Mila / Jahan Rukna Hi Jeet Tha Aur Chalna Bilkul Lazim Na Tha,llama
189,Khudi Agar Hai To Us Ko Bhi Hansi Aani Chahiye / Har Waqt Garam Rehne Se To Aadmi Patthar Ho Jata Hai,llama
190,"Sitaron Ka Khayal Achha, Magar Yeh Bhi Ghalat Kya Hai / Ke Sham Ko Ghar Lautte Waqt Koi Ped Yaad Aaye",llama
191,"Safar Ka Zor Apni Jagah, Magar Thoda Sukoon Bhi Rakh / Musafir Wohi Hoshyar Jo Rah Mein Saans Le Sake",llama
192,Nigah Aur Dil Ki Banti Ho To Baat Banti Hai / Sirf Aankh Upar Ho To Pair Rah Bhool Jate Hain,llama
193,Khudi Se Hum Ne Yeh Seekha Ke Apna Rang Na Kho Baith / Magar Dil Ne Yeh Samjhaya Ke Narmi Bhi Zaroori Hai,llama
194,Amal Ka Dhoom Se Karna Har Kaam Ka Tariqa Nahin / Kabhi Halki Chaal Se Bhi Doori Tay Ho Jati Hai,llama
195,Parwaz Ki Dhun Mein Aksar Log Zameen Bhool Jate Hain / Hamein Hari Jagah Dekh Kar Apna Waqt Yaad Aata Hai,llama
196,Faqr Agar Dil Ko Halka Kar De To Baat Khoob Hai Dost / Agar Hansi Hi Cheen Le To Phir Aisa Faqr Kaisa,llama
197,Nigah Mein Noor Ho Lekin Dil Mein Saya Bhi Rehne De / Har Roshan Baat Ka Aakhir Koi Aaram Bhi Hota Hai,llama
198,"Khudi Ka Naam Liya To Dil Ne Pyar Se Itna Hi Kaha / Thoda Kam Farman Chala, Thoda Khud Ko Sunta Chal",llama
199,"Jahan Mein Ahd-e-Amal Theek, Magar Itni Bhi Jaldi Kya / Ke Jo Phool Rah Mein Khile The Un Par Nazar Hi Na Gayi",llama
200,Sitaron Tak Ki Rahon Mein Jo Dil Bahut Aage Nikal Gaya / Use Kabhi Kabhi Mud Kar Ghaas Ki Narmi Dekhni Chahiye,llama
201,"Safar Se Dosti Hum Ko, Magar Ghar Se Mohabbat Bhi / Musafir Wohi Sacha Hai Jo Laut Kar Bhi Muskaye",llama
202,"Nigah Ne Jis Ko Koh Kaha, Dil Ne Use Bas Rah Kaha / Aur Rah Mein Jo Saya Mila, Wahi Sab Se Bada Inaam Tha",llama
203,Amal Ke Sath Agar Thodi Shararat Aa Jaye To Kya Gham / Har Kaam Ko Bohat Sanjeeda Karna Bhi To Zaroori Nahin,llama
204,Khudi Ka Raz Shayad Yeh Nahin Ke Har Dam Aag Ban Jao / Kabhi Mitti Sa Thanda Reh Kar Bhi Aadmi Pur-Noor Rehta Hai,llama
205,"Faqr Mein Hum Ne Chain Talash Kiya, Mil Gaya Dheere Se / Ek Purani Chadar, Ek Hawa, Aur Dil Ka Halka Ho Jana",llama
206,Parwaz Ka Zikr Sun Kar Bhi Hum Ne Rah Ko Chuma Tha / Hamein Bulandi Se Zyada Kabhi Safar Pyara Lagta Hai,llama
207,Jahan Ka Bojh Uthane Se Pehle Itna Soch Liya Kar / Kya Apne Dil Ke Kamre Mein Thodi Jagah Bachi Bhi Hai,llama
208,Nigah Agar Sitara Mange To Dil Ko Gul Bhi Manga De / Wahi Aadmi Poora Hai Jo Dono Hath Khali Na Rakhe,llama
209,Amal Ka Shor Kam Kiya To Kaam Aur Behtar Ho Baitha / Kuchh Batein Dheemi Chaal Mein Zyada Dur Nikalti Hain,llama
210,Khudi Ki Raah Mein Aksar Hum Apna Dil Bhula Baithe / Phir Ek Ped Ki Chhaon Ne Sabak Naya Suna Dala,llama
211,"Safar Ka Husn Manzil Se Kayi Bar Kam Nahin Hota / Jo Rah Mein Thehar Kar Dekhe, Us Par Baat Khul Jati Hai",llama
212,"Sitaron Se Hamein Nisbat, Magar Sabza Se Bhi Ulfat / Hum Aise Dil Ko Kya Kahen Jo Dono Taraf Chala Jaye",llama
213,Nigah-e-Shauq Agar Tez Ho To Dil Ko Narm Rakho Tum / Tez Dhoop Mein Narm Hawa Ka Sath Bahut Kaam Aata Hai,llama
214,"Faqr Ka Maqsad Agar Bas Dil Ko Azad Karna Hai / To Phir Thoda Hansa Kar Ji, Thoda Halka Ho Kar Chal",llama
215,"Khudi Ko Har Ghadi Maidan Mein Lalkarna Kya Zaroori / Kabhi Use Chup Rahne Do, Kabhi Use Sonay Do",llama
216,"Amal Ki Raat Lambi Thi, Magar Subh Aaram Se Aayi / Jo Jaldi Jaldi Jalte The, Woh Thak Kar So Gaye Aakhir",llama
217,"Parwaz Ka Junoon Achha, Magar Is Dil Ka Kya Kijye / Use Har Unchi Baat Ke Sath Thoda Neecha Saya Chahiye",llama
218,"Safar Mein Ek Ajab Baat Thi, Jitna Chale Utna Samjhe / Kayi Manzilen Bas Us Lamhe Mein Thin Jab Hum Ruke Thode",llama
219,"Jahan Ko Badalna Mushkil Tha, Hum Ne Mizaj Badal Dala / Ab Dhoop Bhi Khaas Na Rahi, Saya Bhi Zyada Pyara Tha",llama
220,Nigah Ka Noor Tab Utra Jab Dil Thoda Naram Hua / Sakht Aankhon Se Aksar Rah Ka Husn Chhup Jata Hai,llama
221,"Khudi Ka Dars Bahut Ooncha, Magar Hum Chhote Log Thahre / Hamein To Roz Ki Rah Mein Thoda Chain Bhi Chahiye Tha",llama
222,"Amal Ko Hum Ne Pooja Nahin, Bas Dost Bana Kar Rakha / Jitna Saath Chala Achha, Jahan Thaka Wahan Ruk Gaya",llama
223,Faqr Agar Muskura De To Roti Bhi Dawat Lagti Hai / Aur Sakhti Se Bhar Jaye To Dastarkhwan Bhi Soona Hai,llama
224,"Sitaron Ka Safar Baad Mein, Pehle Dil Ko Raah Mile / Jo Apna Aangan Kho Baithe Woh Aasman Kya Jeetenge",llama
225,"Safar Ka Zakhm Bhi Dekha, Safar Ka Lutf Bhi Dekha / Magar Sab Se Meetha Waqt Woh Tha Jab Dhoop Halki Thi",llama
226,Nigah Ko Hum Ne Sikhaya Ke Har Cheez Mein Jung Na Dekh / Kabhi Kisi Patte Par Bhi Reham Ka Rang Sajta Hai,llama
227,"Khudi Se Bas Itni Darkhwast, Zara Kam Hukum Chalaya Kar / Dil Apna Kaam Karega Agar Tu Narmi Se Bolegi",llama
228,"Amal Mein Garmahat Rakhna, Magar Jaldi Jaldi Nahin / Dheemi Aanch Pe Pakti Cheez Ka Zaiqa Aur Hota Hai",llama
229,"Parwaz Agar Naseeb Hui To Theek, Na Hui To Gham Kaisa / Kayi Dafa Khula Maidan Bhi Dil Ko Shahin Bana Deta Hai",llama
230,"Faqr Ka Sada Libas Tha, Dil Ka Mizaj Haseen Raha / Kam Cheezon Mein Bhi Hum Ne Kaisa Aaram Pa Liya",llama
231,"Nigah Mein Khwab Aur Dil Mein Chhaon, Yeh Jam Bada Khushrang / Isi Tarah To Rah Guzar Bhi Mehfil Jaisi Lagti Hai",llama
232,"Khudi Ka Rang Yaqeenan Khoob, Magar Thoda Halka Bhi / Har Waqt Sang-e-Koh Na Ban, Kabhi Mitti Sa Mulayam Ho",llama
233,"Safar Mein Sab Se Sacha Dost Aksar Koi Insan Na Tha / Koi Ped, Koi Hawa, Koi Khamosh Si Hari Jagah Thi",llama
234,Sitaron Wali Baat Sun Kar Bhi Dil Ne Aaj Yeh Keh Dala / Jo Choti Khushi Na Samjhe Woh Bari Baat Kya Samjhega,llama
235,"Amal Ka Zor Tha Hum Par, Magar Dil Mein Yeh Dhoon Bhi Thi / Koi Pur-Saya Din Aaye To Kuchh Lamhe Bas Ji Lein",llama
236,"Faqr Mein Hum Ne Dekha Hai, Zaroorat Kam To Gham Kam / Aur Jab Gham Thoda Kam Ho To Dil Khud Noor Ban Jata Hai",llama
237,"Nigah Ne Rah Dikhayi Thi, Dil Ne Raftar Chuni Aakhir / Har Jeet Tez Nahin Hoti, Kuchh Jeet Dheemi Bhi Hoti Hai",llama
238,Khudi Ka Naam Sun Kar Jo Dil Zara Sa Hans De Pyar Se / Samajh Lo Us Mein Zindagi Abhi Narm Aur Zinda Hai,llama
239,Parwaz Se Pehle Aadmi Ko Saans Ka Fan Bhi Aana Chahiye / Jo Rah Mein Saans Na Le Sake Woh Aasman Kya Dekhega,llama
240,"Safar Se Hum Ko Ishq Sahi, Magar Itna Bhi Kya Yaro / Ke Ghar Ki Shaam Bhool Baithein Aur Ped Ki Chhaon Bhi",llama